Ticket_ID,Age,Ticket_Price,Number_of_Person,Purchase_Again,gasto_total_est,gasto_promedio,Movie_Genre_Comedy,Movie_Genre_Drama,Movie_Genre_Horror,Movie_Genre_Sci-Fi,Seat_Type_Standard,Seat_Type_Vip,age_group_18-24,age_group_25-39,age_group_40-59,age_group_60+
N4369,55,12.27,7.0,0,85.89,12.27,True,False,False,False,True,False,False,False,True,False
V6341,55,22.52,3.0,0,67.56,22.52,False,False,True,False,False,True,False,False,True,False
B3243,53,23.01,6.0,1,138.06,23.01,False,True,False,False,True,False,False,False,True,False
I3814,30,21.81,4.0,1,87.24,21.81,True,False,False,False,False,True,False,True,False,False
V4726,44,23.09,7.0,1,161.63,23.09,False,False,False,True,False,False,False,False,True,False
H4037,51,21.35,2.0,1,42.7,21.35,False,False,False,False,True,False,False,False,True,False
P4991,40,16.75,6.0,0,100.5,16.75,False,False,True,False,False,True,False,False,True,False
I7517,35,21.49,2.0,1,42.98,21.49,False,False,True,False,False,True,False,True,False,False
Q8198,26,22.32,5.0,1,111.6,22.32,True,False,False,False,False,True,False,True,False,False
J1556,23,18.21,4.0,0,72.84,18.21,False,False,True,False,False,False,True,False,False,False
Q8269,21,20.46,7.0,0,143.22,20.46,False,True,False,False,False,True,True,False,False,False
T5210,37,12.67,6.0,1,76.02,12.67,False,True,False,False,False,True,False,True,False,False
P9720,22,11.1,2.0,0,22.2,11.1,False,False,False,True,False,False,True,False,False,False
E7092,24,19.56,7.0,0,136.92,19.56,True,False,False,False,False,False,True,False,False,False
T7858,60,20.22,2.0,0,40.44,20.22,False,False,False,False,True,False,False,False,False,True
A6397,58,15.81,5.0,1,79.05,15.81,False,True,False,False,False,False,False,False,True,False
D4217,20,13.39,3.0,0,40.17,13.39,False,False,False,True,True,False,True,False,False,False
I6521,49,18.5,7.0,0,129.5,18.5,True,False,False,False,False,True,False,False,True,False
K1926,59,21.2,4.0,1,84.8,21.2,True,False,False,False,False,True,False,False,True,False
E4059,49,22.32,7.0,1,156.24,22.32,False,True,False,False,False,False,False,False,True,False
R6144,29,17.75,3.0,1,53.25,17.75,True,False,False,False,True,False,False,True,False,False
L2802,45,14.98,5.0,0,74.9,14.98,True,False,False,False,False,False,False,False,True,False
E5484,27,24.7,7.0,1,172.9,24.7,False,True,False,False,False,False,False,True,False,False
A8535,50,14.78,5.0,0,73.89999999999999,14.78,False,False,False,True,False,False,False,False,True,False
A1178,58,23.78,7.0,0,166.46,23.78,False,False,False,True,False,True,False,False,True,False
J5739,57,13.62,3.0,0,40.86,13.62,False,False,False,False,False,False,False,False,True,False
N7141,54,19.01,2.0,1,38.02,19.01,False,False,True,False,False,True,False,False,True,False
X4553,52,15.56,5.0,0,77.8,15.56,False,False,False,True,False,False,False,False,True,False
B2686,22,15.19,3.0,1,45.57,15.19,False,False,False,True,True,False,True,False,False,False
O6264,60,11.58,7.0,1,81.06,11.58,False,True,False,False,False,True,False,False,False,True
N5266,48,14.04,6.0,0,84.24,14.04,False,True,False,False,False,True,False,False,True,False
I5016,54,21.49,7.0,1,150.42999999999998,21.49,False,False,False,True,True,False,False,False,True,False
U8801,38,17.67,2.0,0,35.34,17.67,False,False,True,False,False,True,False,True,False,False
N2120,25,13.05,6.0,0,78.30000000000001,13.05,False,False,False,False,False,True,False,True,False,False
O2106,58,18.95,6.0,0,113.69999999999999,18.95,False,True,False,False,False,True,False,False,True,False
M1047,59,10.69,6.0,0,64.14,10.69,False,False,False,False,True,False,False,False,True,False
F9240,60,23.15,6.0,0,138.89999999999998,23.15,False,False,False,False,False,False,False,False,False,True
O3044,18,12.04,6.0,1,72.24,12.04,False,False,False,False,True,False,True,False,False,False
F1619,40,13.93,6.0,1,83.58,13.93,True,False,False,False,False,False,False,False,True,False
L7684,46,24.35,6.0,1,146.10000000000002,24.35,False,False,True,False,False,True,False,False,True,False
M9668,22,21.73,2.0,1,43.46,21.73,False,False,False,True,False,True,True,False,False,False
O6443,35,16.33,7.0,1,114.30999999999999,16.33,False,False,True,False,True,False,False,True,False,False
T2876,60,24.08,4.0,0,96.32,24.08,False,False,True,False,False,False,False,False,False,True
P2389,26,22.97,5.0,1,114.85,22.97,False,False,False,True,False,True,False,True,False,False
Z3286,38,11.74,6.0,0,70.44,11.74,False,False,False,False,True,False,False,True,False,False
G4404,32,10.53,5.0,1,52.65,10.53,False,True,False,False,True,False,False,True,False,False
I1671,22,20.38,6.0,0,122.28,20.38,False,True,False,False,False,False,True,False,False,False
B4428,33,10.77,6.0,1,64.62,10.77,False,True,False,False,False,True,False,True,False,False
K7409,40,13.93,5.0,1,69.65,13.93,False,True,False,False,False,True,False,False,True,False
O4468,39,10.45,6.0,1,62.699999999999996,10.45,False,True,False,False,False,True,False,True,False,False
P4854,41,12.47,7.0,1,87.29,12.47,True,False,False,False,False,False,False,False,True,False
F6176,43,14.92,2.0,0,29.84,14.92,False,False,False,False,False,False,False,False,True,False
F8301,47,21.93,2.0,0,43.86,21.93,True,False,False,False,False,False,False,False,True,False
B8676,43,10.37,4.0,0,41.48,10.37,False,False,True,False,False,True,False,False,True,False
N4818,49,23.83,7.0,0,166.81,23.83,False,True,False,False,False,True,False,False,True,False
E8777,34,16.5,2.0,0,33.0,16.5,True,False,False,False,True,False,False,True,False,False
G7855,28,24.26,7.0,1,169.82000000000002,24.26,False,True,False,False,False,False,False,True,False,False
H8293,43,20.67,6.0,0,124.02000000000001,20.67,False,True,False,False,False,False,False,False,True,False
M9044,40,13.2,2.0,0,26.4,13.2,False,False,False,False,False,True,False,False,True,False
F3207,23,22.99,3.0,1,68.97,22.99,False,False,False,True,False,False,True,False,False,False
L4232,39,10.07,7.0,0,70.49000000000001,10.07,True,False,False,False,True,False,False,True,False,False
H4073,29,18.99,6.0,0,113.94,18.99,False,False,True,False,True,False,False,True,False,False
O2241,30,14.04,3.0,1,42.12,14.04,True,False,False,False,True,False,False,True,False,False
B0204,47,13.75,2.0,1,27.5,13.75,True,False,False,False,False,True,False,False,True,False
Z1790,55,14.98,2.0,1,29.96,14.98,False,True,False,False,False,False,False,False,True,False
Q6951,42,22.69,7.0,1,158.83,22.69,False,False,False,True,False,False,False,False,True,False
Y5391,21,13.88,6.0,0,83.28,13.88,False,False,True,False,False,False,True,False,False,False
L0167,52,18.81,2.0,0,37.62,18.81,False,False,False,False,False,True,False,False,True,False
F1885,35,20.77,4.0,1,83.08,20.77,False,False,False,False,True,False,False,True,False,False
E2469,54,22.02,4.0,0,88.08,22.02,False,False,True,False,True,False,False,False,True,False
G5366,52,11.95,4.0,1,47.8,11.95,False,False,False,False,False,False,False,False,True,False
X5079,58,21.45,6.0,1,128.7,21.45,False,False,False,True,False,False,False,False,True,False
G3133,33,16.85,2.0,0,33.7,16.85,False,False,True,False,False,False,False,True,False,False
F4095,57,21.93,2.0,0,43.86,21.93,False,False,False,True,False,False,False,False,True,False
Z3930,51,15.46,4.0,0,61.84,15.46,False,True,False,False,False,False,False,False,True,False
Q6909,44,11.3,4.0,1,45.2,11.3,False,False,False,False,True,False,False,False,True,False
G7472,53,19.78,3.0,0,59.34,19.78,False,True,False,False,True,False,False,False,True,False
O7429,43,12.51,3.0,0,37.53,12.51,False,True,False,False,False,True,False,False,True,False
E3715,19,13.28,5.0,1,66.39999999999999,13.28,False,False,False,False,True,False,True,False,False,False
R3928,53,20.62,2.0,1,41.24,20.62,False,False,True,False,False,False,False,False,True,False
B0786,40,18.8,4.0,1,75.2,18.8,False,False,True,False,False,False,False,False,True,False
G9726,20,13.31,2.0,1,26.62,13.31,False,False,False,False,True,False,True,False,False,False
H2248,59,10.21,5.0,1,51.050000000000004,10.21,False,False,False,False,True,False,False,False,True,False
X8137,42,14.77,6.0,0,88.62,14.77,False,False,True,False,False,True,False,False,True,False
L4461,50,18.27,5.0,1,91.35,18.27,False,False,False,False,False,False,False,False,True,False
L6043,22,17.66,6.0,1,105.96000000000001,17.66,False,True,False,False,False,True,True,False,False,False
X2267,48,15.54,7.0,1,108.78,15.54,False,False,False,False,False,True,False,False,True,False
K8372,25,23.68,3.0,0,71.03999999999999,23.68,False,True,False,False,False,False,False,True,False,False
L5263,20,14.97,2.0,0,29.94,14.97,False,False,False,True,True,False,True,False,False,False
E2573,45,10.85,6.0,1,65.1,10.85,True,False,False,False,False,True,False,False,True,False
Q4561,47,18.01,6.0,0,108.06,18.01,False,False,True,False,False,True,False,False,True,False
O2464,51,11.1,5.0,1,55.5,11.1,False,False,False,True,True,False,False,False,True,False
Q2909,56,22.59,7.0,0,158.13,22.59,True,False,False,False,False,True,False,False,True,False
R9368,19,10.67,7.0,0,74.69,10.67,False,True,False,False,False,True,True,False,False,False
W3548,40,24.38,3.0,1,73.14,24.38,False,False,False,False,False,True,False,False,True,False
Y6242,56,21.72,7.0,1,152.04,21.72,False,True,False,False,False,True,False,False,True,False
R4992,45,23.93,3.0,0,71.78999999999999,23.93,False,False,False,True,True,False,False,False,True,False
S3317,34,15.42,3.0,0,46.26,15.42,False,False,False,True,False,False,False,True,False,False
Q0936,30,15.47,4.0,1,61.88,15.47,False,False,False,False,False,False,False,True,False,False
M9809,39,14.4,2.0,1,28.8,14.4,False,True,False,False,False,True,False,True,False,False
H4173,54,14.83,5.0,1,74.15,14.83,False,False,False,False,False,False,False,False,True,False
Z2710,23,20.57,6.0,0,123.42,20.57,False,False,False,False,False,True,True,False,False,False
T8609,40,12.96,5.0,1,64.80000000000001,12.96,False,False,False,False,False,False,False,False,True,False
Q9783,52,16.58,3.0,1,49.739999999999995,16.58,False,True,False,False,True,False,False,False,True,False
J8589,29,24.21,4.0,0,96.84,24.21,True,False,False,False,False,True,False,True,False,False
T4877,35,20.26,7.0,0,141.82000000000002,20.26,False,False,True,False,True,False,False,True,False,False
Y9595,33,17.37,2.0,0,34.74,17.37,False,False,False,False,False,False,False,True,False,False
X4744,38,22.71,3.0,0,68.13,22.71,True,False,False,False,False,False,False,True,False,False
X7881,43,10.38,4.0,1,41.52,10.38,False,True,False,False,False,True,False,False,True,False
W8501,42,20.95,4.0,1,83.8,20.95,False,False,False,True,True,False,False,False,True,False
S2200,19,13.76,3.0,0,41.28,13.76,False,False,False,False,False,True,True,False,False,False
O6210,32,22.32,2.0,1,44.64,22.32,False,False,True,False,False,False,False,True,False,False
G7971,42,19.11,2.0,0,38.22,19.11,True,False,False,False,False,True,False,False,True,False
H1936,58,20.96,4.0,1,83.84,20.96,False,False,True,False,False,True,False,False,True,False
T1209,33,21.55,6.0,0,129.3,21.55,False,False,False,False,False,False,False,True,False,False
K2212,45,18.95,3.0,0,56.849999999999994,18.95,True,False,False,False,False,True,False,False,True,False
U4514,41,14.63,6.0,0,87.78,14.63,False,False,False,True,False,True,False,False,True,False
M4995,30,21.59,6.0,0,129.54,21.59,False,True,False,False,False,False,False,True,False,False
G8758,43,11.85,2.0,0,23.7,11.85,False,False,True,False,False,False,False,False,True,False
C5723,28,12.4,6.0,1,74.4,12.4,False,True,False,False,False,False,False,True,False,False
L7500,41,16.66,6.0,0,99.96000000000001,16.66,False,False,False,True,True,False,False,False,True,False
I4283,54,20.89,3.0,0,62.67,20.89,False,True,False,False,True,False,False,False,True,False
L1983,24,20.24,5.0,0,101.19999999999999,20.24,False,False,False,True,False,True,True,False,False,False
B7349,40,10.81,7.0,0,75.67,10.81,False,False,True,False,False,False,False,False,True,False
J3938,51,17.26,5.0,1,86.30000000000001,17.26,True,False,False,False,False,True,False,False,True,False
C6483,56,16.33,6.0,1,97.97999999999999,16.33,False,True,False,False,False,True,False,False,True,False
X0045,22,20.16,2.0,0,40.32,20.16,False,False,False,False,False,True,True,False,False,False
C4419,48,13.01,4.0,0,52.04,13.01,False,True,False,False,False,True,False,False,True,False
R9005,54,11.23,6.0,0,67.38,11.23,False,False,False,False,False,True,False,False,True,False
W3785,40,23.41,7.0,0,163.87,23.41,False,False,True,False,False,True,False,False,True,False
A5307,45,21.46,6.0,0,128.76,21.46,True,False,False,False,True,False,False,False,True,False
U1538,59,21.94,5.0,1,109.7,21.94,False,False,True,False,True,False,False,False,True,False
O2737,55,11.97,6.0,0,71.82000000000001,11.97,True,False,False,False,False,True,False,False,True,False
I2866,49,21.91,5.0,0,109.55,21.91,False,False,True,False,False,False,False,False,True,False
Z0663,51,19.13,2.0,0,38.26,19.13,False,False,True,False,False,True,False,False,True,False
B8006,52,16.35,6.0,0,98.10000000000001,16.35,True,False,False,False,False,True,False,False,True,False
L5541,45,22.54,5.0,0,112.69999999999999,22.54,False,False,False,True,True,False,False,False,True,False
Z4756,21,12.4,7.0,1,86.8,12.4,False,True,False,False,True,False,True,False,False,False
H9188,38,13.73,3.0,1,41.19,13.73,False,False,False,True,True,False,False,True,False,False
R3941,42,22.41,6.0,0,134.46,22.41,False,False,False,False,False,False,False,False,True,False
M2787,43,15.92,3.0,0,47.76,15.92,False,False,False,True,False,True,False,False,True,False
Z3492,36,23.72,4.0,1,94.88,23.72,False,False,False,False,False,True,False,True,False,False
T6734,36,15.17,3.0,1,45.51,15.17,False,True,False,False,False,True,False,True,False,False
X5538,21,14.99,7.0,0,104.93,14.99,False,True,False,False,False,False,True,False,False,False
A5566,54,22.72,4.0,0,90.88,22.72,True,False,False,False,False,False,False,False,True,False
Z1944,22,21.52,5.0,1,107.6,21.52,False,False,True,False,True,False,True,False,False,False
Q1502,22,14.95,5.0,0,74.75,14.95,False,False,False,True,False,True,True,False,False,False
R4219,54,17.6,6.0,1,105.60000000000001,17.6,True,False,False,False,False,True,False,False,True,False
R0307,40,10.06,2.0,1,20.12,10.06,False,True,False,False,False,True,False,False,True,False
K5903,36,18.0,4.0,0,72.0,18.0,False,False,True,False,False,True,False,True,False,False
R9300,34,17.9,3.0,0,53.699999999999996,17.9,True,False,False,False,False,True,False,True,False,False
M9787,39,24.65,5.0,0,123.25,24.65,False,False,False,True,True,False,False,True,False,False
G3600,58,11.94,3.0,0,35.82,11.94,False,False,True,False,False,False,False,False,True,False
G9465,40,23.56,6.0,0,141.35999999999999,23.56,False,False,False,False,False,True,False,False,True,False
U2868,43,18.7,4.0,0,74.8,18.7,True,False,False,False,False,False,False,False,True,False
G5771,42,11.49,3.0,0,34.47,11.49,False,True,False,False,True,False,False,False,True,False
E3613,46,11.5,7.0,0,80.5,11.5,False,False,False,False,False,True,False,False,True,False
R8886,34,22.99,7.0,0,160.92999999999998,22.99,True,False,False,False,True,False,False,True,False,False
X7448,55,24.76,3.0,1,74.28,24.76,False,False,False,False,True,False,False,False,True,False
E5507,51,23.81,3.0,0,71.42999999999999,23.81,False,False,False,True,False,True,False,False,True,False
A7562,26,24.82,4.0,0,99.28,24.82,True,False,False,False,True,False,False,True,False,False
U6249,31,10.34,7.0,0,72.38,10.34,False,False,False,False,False,False,False,True,False,False
X7898,56,18.98,7.0,0,132.86,18.98,False,False,True,False,False,True,False,False,True,False
R3505,42,23.03,3.0,1,69.09,23.03,False,False,True,False,True,False,False,False,True,False
J7159,53,13.06,4.0,1,52.24,13.06,True,False,False,False,True,False,False,False,True,False
M9467,23,10.01,4.0,1,40.04,10.01,False,False,False,False,False,False,True,False,False,False
N4655,59,19.89,5.0,0,99.45,19.89,False,False,False,False,False,True,False,False,True,False
M9022,34,24.17,6.0,1,145.02,24.17,False,False,False,False,False,False,False,True,False,False
S7251,42,14.26,4.0,1,57.04,14.26,False,False,True,False,False,True,False,False,True,False
R5976,33,19.09,5.0,1,95.45,19.09,True,False,False,False,False,False,False,True,False,False
Z2440,37,22.52,6.0,1,135.12,22.52,False,False,False,True,True,False,False,True,False,False
B4636,45,15.43,4.0,1,61.72,15.43,False,True,False,False,False,True,False,False,True,False
W7032,28,14.31,7.0,0,100.17,14.31,False,True,False,False,True,False,False,True,False,False
P8545,47,14.69,6.0,1,88.14,14.69,False,True,False,False,False,False,False,False,True,False
E8060,38,12.29,5.0,0,61.449999999999996,12.29,False,True,False,False,False,False,False,True,False,False
I9952,44,16.54,3.0,0,49.62,16.54,False,False,False,False,False,False,False,False,True,False
F4653,51,22.32,2.0,0,44.64,22.32,False,False,False,False,False,True,False,False,True,False
M5646,60,10.4,4.0,0,41.6,10.4,True,False,False,False,True,False,False,False,False,True
R1080,21,20.2,7.0,1,141.4,20.2,False,True,False,False,True,False,True,False,False,False
Q8760,19,17.34,3.0,0,52.019999999999996,17.34,False,True,False,False,False,False,True,False,False,False
Z9614,47,24.86,6.0,0,149.16,24.86,False,False,False,False,True,False,False,False,True,False
C1641,31,19.31,7.0,1,135.17,19.31,False,False,False,False,True,False,False,True,False,False
B0694,21,15.57,5.0,0,77.85,15.57,False,False,False,False,False,False,True,False,False,False
Y4232,55,14.86,4.0,0,59.44,14.86,False,False,False,True,True,False,False,False,True,False
L1895,29,13.11,6.0,0,78.66,13.11,False,False,False,True,True,False,False,True,False,False
K8305,48,12.08,3.0,1,36.24,12.08,True,False,False,False,False,True,False,False,True,False
K2667,24,10.2,4.0,1,40.8,10.2,True,False,False,False,True,False,True,False,False,False
X7552,52,24.27,3.0,0,72.81,24.27,False,False,True,False,False,False,False,False,True,False
J0855,22,22.22,5.0,0,111.1,22.22,False,True,False,False,True,False,True,False,False,False
G9346,35,14.6,5.0,0,73.0,14.6,False,False,False,True,True,False,False,True,False,False
Z3248,49,16.1,5.0,1,80.5,16.1,False,True,False,False,True,False,False,False,True,False
H4048,51,24.9,4.0,1,99.6,24.9,True,False,False,False,False,False,False,False,True,False
V3617,25,13.47,2.0,0,26.94,13.47,False,False,False,False,False,False,False,True,False,False
O5299,29,17.19,7.0,1,120.33000000000001,17.19,False,False,False,True,False,False,False,True,False,False
B5560,21,16.28,2.0,1,32.56,16.28,False,False,True,False,True,False,True,False,False,False
K1779,23,14.43,2.0,1,28.86,14.43,True,False,False,False,False,False,True,False,False,False
U0585,35,12.59,2.0,0,25.18,12.59,False,True,False,False,False,False,False,True,False,False
Z1729,57,20.34,4.0,1,81.36,20.34,False,False,True,False,False,True,False,False,True,False
Z7851,24,10.83,6.0,0,64.98,10.83,False,False,True,False,False,True,True,False,False,False
G4760,47,17.0,6.0,0,102.0,17.0,False,False,False,False,False,False,False,False,True,False
X2205,56,19.35,6.0,0,116.10000000000001,19.35,False,True,False,False,True,False,False,False,True,False
Z8477,52,15.07,2.0,1,30.14,15.07,False,True,False,False,False,False,False,False,True,False
X4895,22,18.86,5.0,1,94.3,18.86,False,False,False,True,True,False,True,False,False,False
Q5203,54,23.7,6.0,0,142.2,23.7,False,False,True,False,False,False,False,False,True,False
K2108,34,23.48,7.0,1,164.36,23.48,False,True,False,False,False,True,False,True,False,False
D3548,18,15.35,2.0,0,30.7,15.35,False,False,True,False,True,False,True,False,False,False
P1627,21,20.8,3.0,1,62.400000000000006,20.8,True,False,False,False,True,False,True,False,False,False
I0309,27,21.1,6.0,1,126.60000000000001,21.1,False,True,False,False,False,False,False,True,False,False
X8987,22,21.36,7.0,0,149.51999999999998,21.36,True,False,False,False,False,True,True,False,False,False
K4317,32,21.16,7.0,1,148.12,21.16,False,False,False,False,True,False,False,True,False,False
A1540,52,14.44,4.0,1,57.76,14.44,False,True,False,False,True,False,False,False,True,False
G4364,38,12.12,4.0,0,48.48,12.12,True,False,False,False,False,True,False,True,False,False
U2950,41,17.52,4.0,0,70.08,17.52,False,False,False,True,False,True,False,False,True,False
N6776,51,13.63,6.0,0,81.78,13.63,False,True,False,False,False,False,False,False,True,False
G7315,38,21.31,2.0,0,42.62,21.31,False,False,False,False,False,False,False,True,False,False
E4245,44,18.52,4.0,0,74.08,18.52,True,False,False,False,True,False,False,False,True,False
U6973,27,14.37,3.0,1,43.11,14.37,True,False,False,False,True,False,False,True,False,False
N1065,51,17.67,6.0,0,106.02000000000001,17.67,False,False,True,False,False,False,False,False,True,False
H9115,53,14.84,6.0,0,89.03999999999999,14.84,False,True,False,False,False,False,False,False,True,False
R5096,26,12.57,4.0,0,50.28,12.57,True,False,False,False,False,False,False,True,False,False
T2333,33,16.93,2.0,1,33.86,16.93,False,False,True,False,False,False,False,True,False,False
T7976,36,21.72,4.0,1,86.88,21.72,False,False,True,False,False,False,False,True,False,False
Y3795,50,13.83,4.0,1,55.32,13.83,False,False,False,False,False,False,False,False,True,False
E0520,21,17.65,5.0,1,88.25,17.65,False,False,False,True,False,True,True,False,False,False
Y7647,33,14.59,3.0,0,43.769999999999996,14.59,False,False,False,True,True,False,False,True,False,False
Q4486,27,17.76,3.0,0,53.28,17.76,True,False,False,False,True,False,False,True,False,False
N7144,26,13.46,7.0,1,94.22,13.46,False,True,False,False,True,False,False,True,False,False
E2517,35,18.31,6.0,0,109.85999999999999,18.31,False,False,False,True,False,True,False,True,False,False
C7925,58,13.52,3.0,1,40.56,13.52,True,False,False,False,False,True,False,False,True,False
W1261,31,23.23,5.0,0,116.15,23.23,False,False,False,True,True,False,False,True,False,False
M9663,32,13.1,2.0,1,26.2,13.1,False,True,False,False,True,False,False,True,False,False
H3987,58,13.58,5.0,1,67.9,13.58,False,False,False,False,False,True,False,False,True,False
U3922,27,16.09,6.0,0,96.53999999999999,16.09,True,False,False,False,False,False,False,True,False,False
O6512,32,13.1,7.0,0,91.7,13.1,False,False,False,True,False,False,False,True,False,False
G1300,42,17.28,6.0,1,103.68,17.28,False,False,True,False,False,False,False,False,True,False
A8680,35,13.74,3.0,1,41.22,13.74,False,False,True,False,True,False,False,True,False,False
L3353,27,11.99,4.0,1,47.96,11.99,False,False,True,False,True,False,False,True,False,False
O7821,42,17.22,5.0,0,86.1,17.22,False,False,True,False,False,True,False,False,True,False
B5225,41,24.78,7.0,1,173.46,24.78,False,False,True,False,False,True,False,False,True,False
A6849,28,15.12,3.0,0,45.36,15.12,False,False,False,True,False,True,False,True,False,False
H6205,27,18.77,5.0,1,93.85,18.77,False,False,True,False,False,True,False,True,False,False
G9545,60,13.82,7.0,1,96.74000000000001,13.82,False,False,True,False,True,False,False,False,False,True
G2856,45,22.28,5.0,0,111.4,22.28,False,False,False,True,True,False,False,False,True,False
F7597,41,10.79,7.0,0,75.53,10.79,False,False,False,True,False,True,False,False,True,False
C0135,20,14.5,6.0,0,87.0,14.5,False,True,False,False,True,False,True,False,False,False
H4754,43,17.08,5.0,1,85.39999999999999,17.08,False,True,False,False,True,False,False,False,True,False
V5895,30,21.69,5.0,1,108.45,21.69,False,True,False,False,False,True,False,True,False,False
M3668,51,14.63,7.0,1,102.41000000000001,14.63,False,False,False,False,False,False,False,False,True,False
P1758,28,24.3,7.0,0,170.1,24.3,True,False,False,False,False,True,False,True,False,False
X0475,18,11.5,2.0,1,23.0,11.5,False,False,True,False,False,True,True,False,False,False
A9027,52,19.11,4.0,0,76.44,19.11,True,False,False,False,False,True,False,False,True,False
H3475,34,21.44,3.0,1,64.32000000000001,21.44,False,False,False,True,False,False,False,True,False,False
M2148,33,11.14,2.0,0,22.28,11.14,False,True,False,False,False,False,False,True,False,False
P4882,22,14.54,5.0,1,72.69999999999999,14.54,True,False,False,False,True,False,True,False,False,False
A0701,47,21.43,4.0,0,85.72,21.43,True,False,False,False,False,True,False,False,True,False
Y0325,21,19.84,4.0,1,79.36,19.84,False,False,True,False,False,False,True,False,False,False
I8049,52,16.67,4.0,1,66.68,16.67,False,False,True,False,True,False,False,False,True,False
W8712,43,22.55,4.0,1,90.2,22.55,True,False,False,False,False,False,False,False,True,False
A0309,21,24.54,5.0,0,122.69999999999999,24.54,False,True,False,False,True,False,True,False,False,False
P8221,41,16.08,2.0,0,32.16,16.08,False,False,False,False,False,False,False,False,True,False
E6974,59,17.37,6.0,0,104.22,17.37,False,False,False,True,False,True,False,False,True,False
N6210,33,11.42,3.0,0,34.26,11.42,False,True,False,False,False,True,False,True,False,False
W0714,43,14.85,7.0,0,103.95,14.85,False,False,True,False,False,False,False,False,True,False
A1254,32,23.14,3.0,0,69.42,23.14,True,False,False,False,False,False,False,True,False,False
U8055,56,15.2,6.0,1,91.19999999999999,15.2,True,False,False,False,False,False,False,False,True,False
L0268,57,16.0,5.0,1,80.0,16.0,False,False,False,True,True,False,False,False,True,False
P6902,50,13.53,3.0,1,40.589999999999996,13.53,False,False,False,False,True,False,False,False,True,False
K8175,19,23.87,7.0,1,167.09,23.87,False,False,True,False,True,False,True,False,False,False
X3386,55,13.54,4.0,1,54.16,13.54,True,False,False,False,True,False,False,False,True,False
M7876,30,16.39,3.0,1,49.17,16.39,True,False,False,False,False,False,False,True,False,False
X5473,48,11.14,6.0,1,66.84,11.14,False,False,False,True,False,True,False,False,True,False
R1798,47,24.93,5.0,1,124.65,24.93,False,False,False,True,False,True,False,False,True,False
A9193,33,17.57,2.0,1,35.14,17.57,False,False,True,False,False,True,False,True,False,False
P6373,52,22.84,7.0,1,159.88,22.84,False,False,True,False,True,False,False,False,True,False
S8388,36,15.19,6.0,1,91.14,15.19,False,True,False,False,False,True,False,True,False,False
S7393,46,15.45,2.0,0,30.9,15.45,False,False,False,False,False,False,False,False,True,False
D6725,45,14.17,7.0,0,99.19,14.17,False,False,False,True,False,False,False,False,True,False
U4238,28,21.67,7.0,0,151.69,21.67,False,False,False,False,False,False,False,True,False,False
L8764,20,22.32,5.0,0,111.6,22.32,True,False,False,False,False,True,True,False,False,False
D2585,25,21.96,6.0,1,131.76,21.96,False,True,False,False,False,True,False,True,False,False
K3643,30,18.35,7.0,1,128.45000000000002,18.35,True,False,False,False,False,True,False,True,False,False
V3523,45,16.36,4.0,0,65.44,16.36,False,False,False,False,False,False,False,False,True,False
N2970,54,17.27,4.0,0,69.08,17.27,False,False,True,False,False,False,False,False,True,False
R7113,29,15.28,4.0,0,61.12,15.28,False,True,False,False,False,False,False,True,False,False
M9202,33,12.53,4.0,0,50.12,12.53,False,False,True,False,True,False,False,True,False,False
D0431,44,18.79,7.0,1,131.53,18.79,True,False,False,False,False,True,False,False,True,False
V4471,44,16.35,3.0,1,49.050000000000004,16.35,False,False,False,True,False,True,False,False,True,False
C8354,46,19.82,6.0,1,118.92,19.82,False,False,False,True,False,False,False,False,True,False
M4257,39,15.54,5.0,0,77.69999999999999,15.54,False,False,False,False,False,True,False,True,False,False
L0821,50,23.19,3.0,1,69.57000000000001,23.19,False,False,True,False,True,False,False,False,True,False
T5345,22,17.21,6.0,1,103.26,17.21,False,False,True,False,False,True,True,False,False,False
Y0633,27,18.28,6.0,0,109.68,18.28,False,True,False,False,False,False,False,True,False,False
F4455,49,10.42,7.0,1,72.94,10.42,True,False,False,False,False,True,False,False,True,False
Y3762,31,10.46,6.0,1,62.760000000000005,10.46,True,False,False,False,True,False,False,True,False,False
W2915,28,16.49,5.0,1,82.44999999999999,16.49,False,True,False,False,True,False,False,True,False,False
N0035,28,10.62,5.0,1,53.099999999999994,10.62,False,True,False,False,False,False,False,True,False,False
S6422,24,10.64,5.0,1,53.2,10.64,True,False,False,False,True,False,True,False,False,False
I1245,20,22.95,3.0,0,68.85,22.95,False,False,True,False,False,False,True,False,False,False
R8918,21,16.79,5.0,0,83.94999999999999,16.79,True,False,False,False,True,False,True,False,False,False
L3648,47,15.59,5.0,1,77.95,15.59,False,False,False,False,False,False,False,False,True,False
P1932,24,23.84,3.0,1,71.52,23.84,False,True,False,False,True,False,True,False,False,False
I0125,36,15.99,7.0,0,111.93,15.99,True,False,False,False,True,False,False,True,False,False
W0263,34,22.98,6.0,1,137.88,22.98,True,False,False,False,False,True,False,True,False,False
V9507,35,10.07,4.0,0,40.28,10.07,False,False,False,False,False,False,False,True,False,False
B8133,49,17.0,4.0,0,68.0,17.0,False,False,False,True,True,False,False,False,True,False
S6701,52,19.6,5.0,1,98.0,19.6,False,False,False,True,True,False,False,False,True,False
H3429,40,12.5,7.0,1,87.5,12.5,False,False,False,True,False,False,False,False,True,False
F9649,41,12.33,3.0,0,36.99,12.33,False,False,False,False,True,False,False,False,True,False
N4274,51,16.05,4.0,1,64.2,16.05,True,False,False,False,True,False,False,False,True,False
F2620,45,24.54,6.0,1,147.24,24.54,True,False,False,False,True,False,False,False,True,False
K8095,36,16.39,4.0,1,65.56,16.39,True,False,False,False,True,False,False,True,False,False
P2426,23,23.26,2.0,0,46.52,23.26,False,True,False,False,False,False,True,False,False,False
J1499,33,11.8,4.0,1,47.2,11.8,False,True,False,False,False,False,False,True,False,False
V3059,55,12.82,4.0,0,51.28,12.82,False,False,True,False,False,True,False,False,True,False
B5952,37,13.85,4.0,1,55.4,13.85,True,False,False,False,False,True,False,True,False,False
I0518,53,12.6,7.0,1,88.2,12.6,False,True,False,False,False,True,False,False,True,False
G8812,20,12.99,4.0,0,51.96,12.99,True,False,False,False,False,False,True,False,False,False
M5460,43,14.09,7.0,1,98.63,14.09,False,False,False,False,False,False,False,False,True,False
I1201,38,20.15,7.0,0,141.04999999999998,20.15,False,False,False,False,True,False,False,True,False,False
G4176,22,17.75,5.0,0,88.75,17.75,False,False,False,False,False,True,True,False,False,False
I1329,56,13.09,4.0,1,52.36,13.09,False,True,False,False,True,False,False,False,True,False
Q1018,49,11.74,7.0,1,82.18,11.74,False,False,False,False,False,False,False,False,True,False
I1285,35,16.89,6.0,1,101.34,16.89,False,False,True,False,False,False,False,True,False,False
Z9207,30,15.49,5.0,1,77.45,15.49,False,True,False,False,False,True,False,True,False,False
N5089,41,22.05,5.0,0,110.25,22.05,False,False,True,False,True,False,False,False,True,False
B2777,60,16.52,3.0,1,49.56,16.52,False,True,False,False,True,False,False,False,False,True
M8224,58,21.89,3.0,0,65.67,21.89,True,False,False,False,True,False,False,False,True,False
X2879,43,17.62,4.0,0,70.48,17.62,True,False,False,False,False,False,False,False,True,False
D9454,31,21.5,5.0,1,107.5,21.5,False,False,False,False,True,False,False,True,False,False
Y6890,30,17.21,5.0,0,86.05000000000001,17.21,False,False,False,False,False,False,False,True,False,False
K4381,42,14.22,7.0,0,99.54,14.22,False,False,False,True,True,False,False,False,True,False
G1928,29,21.27,2.0,0,42.54,21.27,False,False,True,False,False,False,False,True,False,False
P9848,24,13.01,4.0,1,52.04,13.01,False,False,False,False,False,True,True,False,False,False
Z8213,51,12.45,4.0,0,49.8,12.45,False,True,False,False,False,True,False,False,True,False
X5590,18,15.51,4.0,0,62.04,15.51,False,False,False,False,False,True,True,False,False,False
I4060,37,24.07,6.0,0,144.42000000000002,24.07,False,True,False,False,True,False,False,True,False,False
Y6457,29,23.92,4.0,0,95.68,23.92,False,False,False,True,True,False,False,True,False,False
C8928,35,15.4,7.0,1,107.8,15.4,False,False,False,False,False,False,False,True,False,False
Y4752,32,21.25,4.0,0,85.0,21.25,False,False,False,True,False,True,False,True,False,False
I8573,27,18.85,6.0,0,113.10000000000001,18.85,True,False,False,False,False,True,False,True,False,False
C1192,23,13.33,4.0,0,53.32,13.33,False,False,False,False,False,True,True,False,False,False
M9673,18,10.38,7.0,0,72.66000000000001,10.38,False,True,False,False,True,False,True,False,False,False
P1884,34,19.28,2.0,1,38.56,19.28,False,False,False,False,True,False,False,True,False,False
Y6750,52,18.09,4.0,1,72.36,18.09,False,True,False,False,False,True,False,False,True,False
U8934,50,21.68,2.0,1,43.36,21.68,False,False,False,True,False,True,False,False,True,False
U7953,31,20.66,3.0,1,61.980000000000004,20.66,True,False,False,False,False,False,False,True,False,False
P8419,57,24.9,2.0,0,49.8,24.9,False,True,False,False,True,False,False,False,True,False
Y4248,20,24.92,5.0,0,124.60000000000001,24.92,False,False,True,False,True,False,True,False,False,False
O7771,36,11.09,6.0,0,66.53999999999999,11.09,False,False,False,False,False,False,False,True,False,False
R0885,24,21.61,7.0,1,151.26999999999998,21.61,False,False,False,False,False,True,True,False,False,False
Q4641,19,10.03,2.0,0,20.06,10.03,True,False,False,False,False,False,True,False,False,False
O4918,25,18.81,4.0,0,75.24,18.81,False,False,True,False,False,True,False,True,False,False
B4363,20,19.03,2.0,0,38.06,19.03,False,False,True,False,False,False,True,False,False,False
E0138,18,11.96,7.0,1,83.72,11.96,False,False,False,True,False,False,True,False,False,False
P2977,60,19.87,5.0,0,99.35000000000001,19.87,False,False,False,True,False,True,False,False,False,True
C8279,40,24.45,6.0,1,146.7,24.45,False,False,False,False,False,True,False,False,True,False
H6999,42,13.34,6.0,1,80.03999999999999,13.34,True,False,False,False,False,True,False,False,True,False
Y0798,43,23.69,7.0,0,165.83,23.69,False,False,False,True,True,False,False,False,True,False
E3076,31,21.67,3.0,0,65.01,21.67,True,False,False,False,True,False,False,True,False,False
Z8082,23,15.29,6.0,1,91.74,15.29,False,False,False,True,False,True,True,False,False,False
D2037,51,10.86,3.0,1,32.58,10.86,True,False,False,False,False,False,False,False,True,False
Y6288,60,19.93,5.0,1,99.65,19.93,False,False,False,False,False,False,False,False,False,True
R9227,20,20.02,2.0,1,40.04,20.02,False,False,True,False,False,False,True,False,False,False
E8769,24,23.26,7.0,1,162.82000000000002,23.26,False,True,False,False,True,False,True,False,False,False
J4048,32,22.88,5.0,0,114.39999999999999,22.88,False,False,False,True,True,False,False,True,False,False
D1283,36,11.94,4.0,1,47.76,11.94,False,True,False,False,False,True,False,True,False,False
T4714,45,15.45,6.0,0,92.69999999999999,15.45,False,False,True,False,False,True,False,False,True,False
Q2283,57,24.13,5.0,1,120.64999999999999,24.13,False,False,False,False,False,False,False,False,True,False
V0461,58,16.75,5.0,1,83.75,16.75,False,False,False,False,False,True,False,False,True,False
H3432,49,11.54,6.0,1,69.24,11.54,False,False,True,False,False,True,False,False,True,False
B4025,30,10.03,7.0,0,70.21,10.03,False,False,False,False,True,False,False,True,False,False
Q5838,31,22.16,4.0,0,88.64,22.16,False,False,False,True,False,False,False,True,False,False
H1744,25,23.07,3.0,1,69.21000000000001,23.07,False,False,False,False,False,False,False,True,False,False
B4004,55,16.38,3.0,0,49.14,16.38,False,False,False,True,True,False,False,False,True,False
L6276,21,12.81,7.0,0,89.67,12.81,False,False,False,True,True,False,True,False,False,False
O2405,29,20.26,2.0,0,40.52,20.26,False,False,False,True,False,False,False,True,False,False
F5465,54,19.41,4.0,1,77.64,19.41,False,False,False,True,False,True,False,False,True,False
D3688,49,10.41,5.0,1,52.05,10.41,False,False,True,False,False,True,False,False,True,False
U2904,56,10.21,5.0,1,51.050000000000004,10.21,False,False,False,False,True,False,False,False,True,False
Z2277,48,14.98,4.0,0,59.92,14.98,False,False,False,False,False,False,False,False,True,False
Y1044,55,15.49,6.0,0,92.94,15.49,False,False,False,True,False,True,False,False,True,False
S3826,50,14.52,4.0,1,58.08,14.52,False,False,True,False,True,False,False,False,True,False
P5481,25,10.61,4.0,0,42.44,10.61,False,False,False,False,False,False,False,True,False,False
G9153,30,10.27,5.0,0,51.349999999999994,10.27,True,False,False,False,False,True,False,True,False,False
K4001,38,14.39,4.0,0,57.56,14.39,False,False,False,False,False,True,False,True,False,False
L4821,28,14.96,6.0,1,89.76,14.96,False,True,False,False,False,True,False,True,False,False
S6575,47,21.95,3.0,0,65.85,21.95,False,False,False,False,True,False,False,False,True,False
G3626,46,16.14,7.0,0,112.98,16.14,False,False,True,False,False,False,False,False,True,False
F7537,20,19.47,3.0,1,58.41,19.47,False,False,False,True,False,False,True,False,False,False
M2223,50,13.49,6.0,1,80.94,13.49,True,False,False,False,True,False,False,False,True,False
N6061,24,16.15,5.0,1,80.75,16.15,False,False,False,False,False,False,True,False,False,False
Q1064,18,19.33,4.0,1,77.32,19.33,False,False,True,False,False,True,True,False,False,False
Y8937,33,22.07,6.0,0,132.42000000000002,22.07,False,True,False,False,True,False,False,True,False,False
D4512,20,14.37,7.0,1,100.58999999999999,14.37,False,False,False,False,True,False,True,False,False,False
M3087,58,22.11,4.0,0,88.44,22.11,True,False,False,False,False,True,False,False,True,False
I2406,52,21.83,3.0,1,65.49,21.83,False,False,False,True,False,False,False,False,True,False
M5068,33,10.17,4.0,0,40.68,10.17,False,False,False,True,False,False,False,True,False,False
W3776,54,21.26,3.0,0,63.78,21.26,False,True,False,False,True,False,False,False,True,False
S0443,38,14.68,7.0,0,102.75999999999999,14.68,False,False,False,True,True,False,False,True,False,False
X3353,28,18.37,7.0,0,128.59,18.37,False,False,False,True,False,True,False,True,False,False
L8241,55,16.98,4.0,1,67.92,16.98,False,False,True,False,False,False,False,False,True,False
B0684,46,12.16,5.0,1,60.8,12.16,False,False,True,False,True,False,False,False,True,False
C3968,41,18.43,2.0,0,36.86,18.43,False,False,False,True,False,False,False,False,True,False
V6951,36,22.63,7.0,1,158.41,22.63,True,False,False,False,False,True,False,True,False,False
A4622,35,22.33,4.0,1,89.32,22.33,False,True,False,False,False,False,False,True,False,False
M9282,49,15.92,7.0,1,111.44,15.92,False,True,False,False,True,False,False,False,True,False
F2596,25,14.2,5.0,1,71.0,14.2,False,False,False,False,False,True,False,True,False,False
B6368,57,12.49,3.0,0,37.47,12.49,False,False,True,False,False,False,False,False,True,False
F1834,40,23.34,5.0,0,116.7,23.34,False,False,False,False,False,False,False,False,True,False
D5786,55,23.03,7.0,1,161.21,23.03,False,False,False,False,False,True,False,False,True,False
U3904,56,20.53,7.0,1,143.71,20.53,False,False,True,False,False,False,False,False,True,False
V8116,53,14.76,3.0,1,44.28,14.76,False,False,True,False,False,False,False,False,True,False
J4658,52,14.05,3.0,0,42.150000000000006,14.05,True,False,False,False,True,False,False,False,True,False
U8752,57,14.92,3.0,0,44.76,14.92,False,False,True,False,False,True,False,False,True,False
Y2620,59,23.03,3.0,0,69.09,23.03,True,False,False,False,False,True,False,False,True,False
E8799,26,10.11,7.0,0,70.77,10.11,False,False,False,False,False,True,False,True,False,False
Q5817,54,16.4,3.0,1,49.199999999999996,16.4,False,True,False,False,False,False,False,False,True,False
L5567,36,16.11,2.0,1,32.22,16.11,True,False,False,False,True,False,False,True,False,False
C9920,26,16.24,6.0,1,97.44,16.24,True,False,False,False,True,False,False,True,False,False
D9547,48,13.81,4.0,0,55.24,13.81,False,False,False,False,False,False,False,False,True,False
T1098,24,24.43,7.0,1,171.01,24.43,False,True,False,False,False,True,True,False,False,False
Z5047,25,23.2,5.0,0,116.0,23.2,False,False,True,False,False,True,False,True,False,False
P0379,33,19.94,3.0,0,59.82000000000001,19.94,True,False,False,False,False,True,False,True,False,False
B1030,56,22.49,3.0,0,67.47,22.49,False,False,True,False,True,False,False,False,True,False
L3487,44,10.65,5.0,1,53.25,10.65,False,False,False,False,False,True,False,False,True,False
L0206,24,21.78,3.0,1,65.34,21.78,False,True,False,False,False,False,True,False,False,False
I2310,41,17.32,3.0,1,51.96,17.32,True,False,False,False,False,False,False,False,True,False
T9882,18,20.05,6.0,0,120.30000000000001,20.05,False,False,True,False,True,False,True,False,False,False
U9995,26,10.14,4.0,0,40.56,10.14,True,False,False,False,True,False,False,True,False,False
N5512,36,12.07,4.0,0,48.28,12.07,False,False,False,False,False,False,False,True,False,False
B4448,41,18.49,7.0,0,129.42999999999998,18.49,False,False,False,False,False,True,False,False,True,False
W9028,35,11.37,3.0,1,34.11,11.37,False,False,False,True,True,False,False,True,False,False
J4976,32,23.62,4.0,1,94.48,23.62,False,False,False,True,False,True,False,True,False,False
E4812,44,23.79,2.0,1,47.58,23.79,False,True,False,False,False,True,False,False,True,False
J1949,31,18.82,6.0,0,112.92,18.82,False,False,False,True,False,True,False,True,False,False
T6189,29,21.83,5.0,1,109.14999999999999,21.83,False,True,False,False,True,False,False,True,False,False
C7647,38,21.27,3.0,1,63.81,21.27,True,False,False,False,True,False,False,True,False,False
B8523,25,14.7,7.0,1,102.89999999999999,14.7,True,False,False,False,True,False,False,True,False,False
H1831,48,21.06,6.0,0,126.35999999999999,21.06,True,False,False,False,False,True,False,False,True,False
W2821,36,11.54,6.0,0,69.24,11.54,True,False,False,False,False,True,False,True,False,False
H8426,42,24.74,7.0,0,173.17999999999998,24.74,False,True,False,False,False,False,False,False,True,False
M7144,50,14.78,4.0,0,59.12,14.78,False,True,False,False,False,True,False,False,True,False
D0530,53,10.17,6.0,0,61.019999999999996,10.17,False,False,False,True,True,False,False,False,True,False
S2049,48,22.43,6.0,0,134.57999999999998,22.43,True,False,False,False,False,False,False,False,True,False
J4439,24,18.72,6.0,1,112.32,18.72,False,False,False,False,False,True,True,False,False,False
U3687,42,16.88,6.0,1,101.28,16.88,True,False,False,False,False,False,False,False,True,False
F0463,43,13.09,6.0,1,78.53999999999999,13.09,False,False,False,False,False,True,False,False,True,False
Z8084,39,20.49,4.0,0,81.96,20.49,False,False,False,True,False,False,False,True,False,False
I3546,33,24.05,4.0,1,96.2,24.05,False,False,False,False,True,False,False,True,False,False
Y0761,47,18.52,6.0,0,111.12,18.52,True,False,False,False,True,False,False,False,True,False
G5344,49,23.04,7.0,0,161.28,23.04,False,False,True,False,False,True,False,False,True,False
R5874,42,19.82,7.0,0,138.74,19.82,False,False,False,True,False,True,False,False,True,False
I9463,29,24.77,7.0,1,173.39,24.77,False,False,False,False,True,False,False,True,False,False
E5861,23,15.16,3.0,1,45.480000000000004,15.16,False,False,False,True,False,False,True,False,False,False
Z8170,27,24.04,2.0,0,48.08,24.04,False,False,False,False,False,False,False,True,False,False
Q2062,18,15.89,6.0,0,95.34,15.89,True,False,False,False,False,True,True,False,False,False
Z4956,44,15.45,2.0,0,30.9,15.45,False,False,True,False,False,False,False,False,True,False
U3440,39,11.63,7.0,0,81.41000000000001,11.63,True,False,False,False,True,False,False,True,False,False
C1249,19,19.4,3.0,0,58.199999999999996,19.4,False,False,False,False,False,True,True,False,False,False
Q5260,26,18.63,7.0,0,130.41,18.63,False,False,False,True,False,True,False,True,False,False
U0284,59,21.39,5.0,1,106.95,21.39,False,False,False,False,False,False,False,False,True,False
M4894,23,18.05,6.0,1,108.30000000000001,18.05,False,False,False,True,False,True,True,False,False,False
G0405,30,13.38,2.0,1,26.76,13.38,False,False,False,True,True,False,False,True,False,False
O7387,59,22.19,6.0,0,133.14000000000001,22.19,False,False,True,False,True,False,False,False,True,False
T1735,43,15.44,3.0,0,46.32,15.44,False,False,False,True,True,False,False,False,True,False
E2026,48,23.67,6.0,1,142.02,23.67,False,False,True,False,False,False,False,False,True,False
H4556,45,10.18,7.0,0,71.25999999999999,10.18,False,False,False,True,True,False,False,False,True,False
O8966,58,20.57,3.0,1,61.71,20.57,True,False,False,False,True,False,False,False,True,False
E8011,53,22.93,6.0,1,137.57999999999998,22.93,False,False,False,True,True,False,False,False,True,False
V0442,24,17.99,2.0,0,35.98,17.99,False,True,False,False,True,False,True,False,False,False
U5170,19,19.81,7.0,0,138.67,19.81,True,False,False,False,False,True,True,False,False,False
D1265,33,16.22,6.0,0,97.32,16.22,False,False,True,False,True,False,False,True,False,False
A3164,20,23.62,3.0,1,70.86,23.62,False,False,False,True,True,False,True,False,False,False
F0123,43,15.17,3.0,1,45.51,15.17,False,False,False,True,True,False,False,False,True,False
N3258,21,12.84,6.0,0,77.03999999999999,12.84,False,False,False,False,False,False,True,False,False,False
N3378,42,18.03,2.0,0,36.06,18.03,False,True,False,False,False,False,False,False,True,False
F3922,48,11.6,5.0,1,58.0,11.6,False,False,True,False,False,True,False,False,True,False
X8730,56,18.66,3.0,0,55.980000000000004,18.66,False,False,False,True,False,True,False,False,True,False
E2255,39,22.98,7.0,1,160.86,22.98,False,True,False,False,False,False,False,True,False,False
H9020,60,19.91,5.0,0,99.55,19.91,False,False,True,False,False,True,False,False,False,True
W3495,40,10.92,6.0,1,65.52,10.92,True,False,False,False,True,False,False,False,True,False
F7268,24,14.43,2.0,1,28.86,14.43,False,False,False,True,False,True,True,False,False,False
P0917,19,20.79,4.0,1,83.16,20.79,True,False,False,False,True,False,True,False,False,False
E7698,41,18.65,3.0,1,55.949999999999996,18.65,False,False,False,False,False,True,False,False,True,False
I2649,39,12.88,3.0,1,38.64,12.88,False,False,True,False,False,True,False,True,False,False
E0849,24,13.65,6.0,0,81.9,13.65,True,False,False,False,True,False,True,False,False,False
M9916,53,13.09,2.0,1,26.18,13.09,False,False,True,False,False,True,False,False,True,False
Q3717,41,16.33,5.0,1,81.64999999999999,16.33,False,False,True,False,False,True,False,False,True,False
Z6364,36,11.02,4.0,1,44.08,11.02,False,False,True,False,True,False,False,True,False,False
P1867,51,20.95,5.0,0,104.75,20.95,False,False,True,False,True,False,False,False,True,False
I8223,45,13.52,2.0,0,27.04,13.52,False,True,False,False,False,True,False,False,True,False
B8644,48,12.2,7.0,1,85.39999999999999,12.2,False,True,False,False,False,False,False,False,True,False
O9543,53,14.6,3.0,0,43.8,14.6,False,False,False,True,True,False,False,False,True,False
R6020,45,13.58,3.0,0,40.74,13.58,True,False,False,False,False,False,False,False,True,False
U6522,45,14.16,7.0,0,99.12,14.16,False,True,False,False,False,True,False,False,True,False
H5569,42,24.61,6.0,0,147.66,24.61,False,False,True,False,False,True,False,False,True,False
L6403,35,22.26,5.0,1,111.30000000000001,22.26,False,False,True,False,False,True,False,True,False,False
N6099,30,20.13,5.0,1,100.64999999999999,20.13,True,False,False,False,False,True,False,True,False,False
M6720,60,16.83,4.0,1,67.32,16.83,False,True,False,False,True,False,False,False,False,True
L7656,41,22.2,3.0,0,66.6,22.2,False,False,False,True,False,False,False,False,True,False
H8272,38,24.63,6.0,0,147.78,24.63,False,False,True,False,False,False,False,True,False,False
T3421,46,19.75,7.0,1,138.25,19.75,True,False,False,False,False,False,False,False,True,False
T7208,21,11.73,6.0,0,70.38,11.73,False,False,False,False,False,False,True,False,False,False
S4408,34,23.6,6.0,0,141.60000000000002,23.6,False,True,False,False,False,False,False,True,False,False
O6315,29,23.39,4.0,0,93.56,23.39,False,True,False,False,True,False,False,True,False,False
Q8927,48,17.71,2.0,0,35.42,17.71,False,True,False,False,False,False,False,False,True,False
W1085,41,20.8,6.0,0,124.80000000000001,20.8,True,False,False,False,True,False,False,False,True,False
X7294,37,10.38,5.0,1,51.900000000000006,10.38,False,False,False,True,False,True,False,True,False,False
G9983,38,12.81,6.0,0,76.86,12.81,False,False,False,False,True,False,False,True,False,False
M1624,40,19.75,7.0,1,138.25,19.75,False,False,False,True,False,False,False,False,True,False
W0863,30,10.63,6.0,0,63.78,10.63,False,False,True,False,False,False,False,True,False,False
S4073,54,11.77,4.0,0,47.08,11.77,True,False,False,False,True,False,False,False,True,False
O8419,46,16.96,2.0,1,33.92,16.96,True,False,False,False,False,False,False,False,True,False
M7393,25,14.44,5.0,1,72.2,14.44,False,False,False,True,True,False,False,True,False,False
J3810,29,18.41,3.0,1,55.230000000000004,18.41,False,False,True,False,False,False,False,True,False,False
S8354,42,24.51,5.0,0,122.55000000000001,24.51,False,False,False,False,True,False,False,False,True,False
W1190,49,23.81,7.0,1,166.67,23.81,False,False,True,False,False,True,False,False,True,False
R3498,54,16.61,3.0,0,49.83,16.61,False,False,False,True,True,False,False,False,True,False
F6097,18,18.86,3.0,1,56.58,18.86,False,False,True,False,False,False,True,False,False,False
S2077,30,15.04,4.0,0,60.16,15.04,False,False,False,True,True,False,False,True,False,False
K0251,40,14.08,5.0,0,70.4,14.08,False,True,False,False,False,True,False,False,True,False
F3865,19,12.48,5.0,1,62.400000000000006,12.48,False,False,False,False,False,False,True,False,False,False
U5529,58,22.32,3.0,1,66.96000000000001,22.32,True,False,False,False,False,False,False,False,True,False
Y7689,36,20.19,2.0,1,40.38,20.19,True,False,False,False,False,False,False,True,False,False
B8877,52,21.5,7.0,1,150.5,21.5,False,False,True,False,True,False,False,False,True,False
Z2085,58,23.76,6.0,0,142.56,23.76,True,False,False,False,False,False,False,False,True,False
J3585,44,19.83,6.0,1,118.97999999999999,19.83,False,False,True,False,False,True,False,False,True,False
X7172,26,19.87,5.0,0,99.35000000000001,19.87,False,False,False,True,True,False,False,True,False,False
T8659,38,11.95,3.0,0,35.849999999999994,11.95,False,False,False,False,True,False,False,True,False,False
E9959,34,13.82,4.0,0,55.28,13.82,False,False,False,False,False,False,False,True,False,False
O5505,46,18.45,5.0,1,92.25,18.45,False,True,False,False,True,False,False,False,True,False
L0572,55,22.77,6.0,0,136.62,22.77,False,False,False,False,True,False,False,False,True,False
V6506,31,22.76,2.0,1,45.52,22.76,False,False,False,False,True,False,False,True,False,False
Z0037,21,15.24,4.0,0,60.96,15.24,False,False,False,True,False,True,True,False,False,False
T0216,20,11.61,7.0,1,81.27,11.61,False,False,False,False,False,True,True,False,False,False
H5571,30,18.64,7.0,1,130.48000000000002,18.64,False,False,True,False,True,False,False,True,False,False
A6968,49,14.09,6.0,1,84.53999999999999,14.09,True,False,False,False,True,False,False,False,True,False
A8189,27,18.47,6.0,1,110.82,18.47,True,False,False,False,False,True,False,True,False,False
Z4627,47,24.08,6.0,0,144.48,24.08,True,False,False,False,False,False,False,False,True,False
H9718,59,20.67,2.0,0,41.34,20.67,False,False,False,True,True,False,False,False,True,False
K4864,20,24.05,2.0,0,48.1,24.05,False,True,False,False,False,False,True,False,False,False
N2364,23,20.94,6.0,0,125.64000000000001,20.94,False,True,False,False,False,True,True,False,False,False
P1972,28,13.99,6.0,1,83.94,13.99,False,False,True,False,False,True,False,True,False,False
M9619,27,22.6,6.0,0,135.60000000000002,22.6,False,False,True,False,False,False,False,True,False,False
Y3751,48,19.44,5.0,1,97.2,19.44,False,False,False,False,True,False,False,False,True,False
Y9313,52,13.6,5.0,1,68.0,13.6,False,False,False,True,False,False,False,False,True,False
G9843,19,13.82,2.0,1,27.64,13.82,False,True,False,False,False,True,True,False,False,False
P4219,24,13.15,2.0,1,26.3,13.15,False,True,False,False,False,True,True,False,False,False
P6917,42,10.12,6.0,0,60.72,10.12,True,False,False,False,False,True,False,False,True,False
O7834,32,20.84,2.0,0,41.68,20.84,False,False,True,False,False,False,False,True,False,False
T0002,27,13.6,5.0,1,68.0,13.6,True,False,False,False,False,True,False,True,False,False
P6849,44,22.0,7.0,0,154.0,22.0,True,False,False,False,False,False,False,False,True,False
C9487,37,18.64,4.0,0,74.56,18.64,False,True,False,False,True,False,False,True,False,False
M8590,29,11.34,2.0,1,22.68,11.34,False,False,False,True,True,False,False,True,False,False
Q1525,57,22.52,4.0,1,90.08,22.52,False,False,False,True,True,False,False,False,True,False
U2351,25,16.18,3.0,0,48.54,16.18,True,False,False,False,False,False,False,True,False,False
L8089,59,11.33,6.0,1,67.98,11.33,False,True,False,False,False,True,False,False,True,False
W5960,52,19.13,3.0,1,57.39,19.13,False,True,False,False,True,False,False,False,True,False
Z1901,56,16.41,3.0,0,49.230000000000004,16.41,False,False,False,False,False,True,False,False,True,False
O4424,29,11.22,4.0,1,44.88,11.22,False,False,True,False,False,True,False,True,False,False
U8822,29,13.17,4.0,0,52.68,13.17,False,True,False,False,False,True,False,True,False,False
B3577,40,20.41,6.0,0,122.46000000000001,20.41,False,False,False,True,False,False,False,False,True,False
D0301,37,16.66,7.0,0,116.62,16.66,False,False,False,True,False,True,False,True,False,False
G4519,51,16.98,3.0,0,50.94,16.98,True,False,False,False,False,False,False,False,True,False
X7335,44,23.06,7.0,0,161.42,23.06,True,False,False,False,False,False,False,False,True,False
R4165,37,11.75,4.0,0,47.0,11.75,False,False,True,False,False,True,False,True,False,False
K8116,51,14.43,3.0,0,43.29,14.43,False,True,False,False,False,False,False,False,True,False
T2129,31,11.04,7.0,1,77.28,11.04,False,True,False,False,False,True,False,True,False,False
A4723,44,13.62,6.0,1,81.72,13.62,False,False,True,False,False,False,False,False,True,False
H9793,56,10.15,5.0,0,50.75,10.15,False,False,False,True,False,True,False,False,True,False
L4163,38,21.7,2.0,1,43.4,21.7,True,False,False,False,False,True,False,True,False,False
T2013,34,15.14,6.0,0,90.84,15.14,False,False,True,False,False,True,False,True,False,False
B9303,46,11.71,2.0,1,23.42,11.71,False,True,False,False,False,True,False,False,True,False
V6391,53,20.47,6.0,1,122.82,20.47,False,False,True,False,False,False,False,False,True,False
M1015,21,13.69,6.0,0,82.14,13.69,False,False,False,False,False,False,True,False,False,False
D5863,21,20.48,5.0,0,102.4,20.48,False,False,False,True,False,True,True,False,False,False
Y9868,43,21.99,6.0,1,131.94,21.99,False,True,False,False,True,False,False,False,True,False
W3416,58,22.23,7.0,1,155.61,22.23,False,False,True,False,False,True,False,False,True,False
Z7405,39,20.16,2.0,1,40.32,20.16,True,False,False,False,True,False,False,True,False,False
H8796,42,12.35,4.0,0,49.4,12.35,False,True,False,False,True,False,False,False,True,False
E9733,60,22.7,3.0,1,68.1,22.7,False,False,False,False,False,False,False,False,False,True
P2342,38,17.64,3.0,0,52.92,17.64,False,False,False,True,True,False,False,True,False,False
A2343,47,22.4,4.0,0,89.6,22.4,False,False,False,True,True,False,False,False,True,False
S6414,34,14.44,6.0,0,86.64,14.44,False,False,True,False,False,True,False,True,False,False
M3907,50,12.67,2.0,1,25.34,12.67,False,False,False,False,False,False,False,False,True,False
P7041,47,23.99,2.0,0,47.98,23.99,True,False,False,False,False,False,False,False,True,False
L9146,60,11.91,5.0,1,59.55,11.91,True,False,False,False,False,True,False,False,False,True
N4903,55,11.33,3.0,0,33.99,11.33,False,False,False,True,False,False,False,False,True,False
J3856,22,10.31,5.0,0,51.550000000000004,10.31,False,False,False,False,False,False,True,False,False,False
X5271,19,22.66,2.0,0,45.32,22.66,True,False,False,False,True,False,True,False,False,False
L2663,20,17.77,4.0,0,71.08,17.77,False,False,False,True,False,True,True,False,False,False
B1441,36,22.79,5.0,1,113.94999999999999,22.79,False,False,False,True,False,False,False,True,False,False
R9317,38,12.12,2.0,1,24.24,12.12,False,False,True,False,False,True,False,True,False,False
T6005,20,20.71,6.0,0,124.26,20.71,False,False,False,False,False,False,True,False,False,False
K1979,28,20.2,6.0,1,121.19999999999999,20.2,False,False,True,False,False,True,False,True,False,False
X3910,50,17.59,7.0,0,123.13,17.59,False,False,False,False,False,True,False,False,True,False
B6802,28,24.86,4.0,0,99.44,24.86,False,False,True,False,False,True,False,True,False,False
M9692,35,16.01,6.0,1,96.06,16.01,False,True,False,False,True,False,False,True,False,False
I2711,49,12.44,4.0,0,49.76,12.44,False,True,False,False,False,True,False,False,True,False
C4526,42,19.51,6.0,0,117.06,19.51,False,False,True,False,False,False,False,False,True,False
R3741,53,10.79,2.0,0,21.58,10.79,False,False,False,False,True,False,False,False,True,False
Y7492,21,24.26,3.0,0,72.78,24.26,False,False,False,True,False,True,True,False,False,False
F1452,35,24.45,6.0,0,146.7,24.45,False,False,True,False,False,False,False,True,False,False
T1841,44,22.32,2.0,0,44.64,22.32,True,False,False,False,False,False,False,False,True,False
C4408,48,15.68,3.0,1,47.04,15.68,True,False,False,False,False,True,False,False,True,False
D2487,58,21.32,6.0,0,127.92,21.32,False,False,True,False,False,False,False,False,True,False
Q2128,55,18.77,7.0,0,131.39,18.77,True,False,False,False,False,True,False,False,True,False
Y0420,59,16.81,3.0,1,50.42999999999999,16.81,False,False,False,False,False,False,False,False,True,False
U6087,58,14.7,7.0,0,102.89999999999999,14.7,False,True,False,False,True,False,False,False,True,False
W0336,52,21.93,2.0,0,43.86,21.93,True,False,False,False,True,False,False,False,True,False
O9795,41,24.6,4.0,0,98.4,24.6,False,False,False,False,False,True,False,False,True,False
O7894,18,16.55,7.0,1,115.85000000000001,16.55,False,False,False,False,True,False,True,False,False,False
N1656,22,21.01,7.0,1,147.07000000000002,21.01,False,False,False,False,False,True,True,False,False,False
U6629,35,23.4,7.0,0,163.79999999999998,23.4,False,True,False,False,False,True,False,True,False,False
F7192,18,18.76,7.0,1,131.32000000000002,18.76,False,False,False,True,False,False,True,False,False,False
G4707,35,23.9,4.0,1,95.6,23.9,False,True,False,False,False,True,False,True,False,False
T2836,23,24.94,2.0,0,49.88,24.94,False,False,True,False,False,True,True,False,False,False
W2315,60,14.26,3.0,0,42.78,14.26,False,False,True,False,False,False,False,False,False,True
P5536,22,10.43,6.0,1,62.58,10.43,False,True,False,False,True,False,True,False,False,False
J8443,23,12.04,7.0,0,84.28,12.04,False,True,False,False,False,True,True,False,False,False
R0452,57,12.39,7.0,0,86.73,12.39,False,True,False,False,False,True,False,False,True,False
L7692,38,13.29,7.0,1,93.03,13.29,False,False,True,False,True,False,False,True,False,False
H5782,32,18.08,2.0,1,36.16,18.08,False,False,True,False,True,False,False,True,False,False
U1656,45,16.35,6.0,0,98.10000000000001,16.35,False,False,False,True,False,False,False,False,True,False
S7659,53,12.89,4.0,1,51.56,12.89,False,False,True,False,False,True,False,False,True,False
W9717,26,15.19,2.0,1,30.38,15.19,True,False,False,False,False,False,False,True,False,False
F7940,39,16.69,3.0,0,50.07000000000001,16.69,False,False,False,False,True,False,False,True,False,False
T5282,25,16.74,2.0,0,33.48,16.74,False,False,False,True,False,False,False,True,False,False
C0056,20,10.17,7.0,1,71.19,10.17,False,False,False,True,False,False,True,False,False,False
L3931,23,19.8,7.0,1,138.6,19.8,False,False,True,False,True,False,True,False,False,False
W3570,38,18.25,6.0,0,109.5,18.25,False,False,True,False,False,False,False,True,False,False
Q1582,26,11.2,4.0,0,44.8,11.2,False,False,False,True,False,False,False,True,False,False
Z9239,59,12.92,3.0,0,38.76,12.92,False,True,False,False,False,False,False,False,True,False
P0882,21,15.79,7.0,1,110.53,15.79,True,False,False,False,False,False,True,False,False,False
T7322,50,23.11,6.0,0,138.66,23.11,False,False,True,False,False,False,False,False,True,False
Q8028,38,15.64,7.0,0,109.48,15.64,False,False,True,False,True,False,False,True,False,False
Z8954,58,11.29,2.0,0,22.58,11.29,False,True,False,False,True,False,False,False,True,False
B2343,20,11.09,5.0,1,55.45,11.09,False,False,False,False,False,False,True,False,False,False
G4586,27,14.31,7.0,1,100.17,14.31,False,True,False,False,False,False,False,True,False,False
A6502,58,11.5,5.0,0,57.5,11.5,False,False,True,False,True,False,False,False,True,False
Q4426,49,16.19,4.0,1,64.76,16.19,False,False,True,False,True,False,False,False,True,False
U2469,44,18.96,3.0,1,56.88,18.96,False,False,True,False,False,True,False,False,True,False
J0828,54,11.59,6.0,0,69.53999999999999,11.59,False,False,False,True,False,True,False,False,True,False
Y8442,51,15.73,6.0,0,94.38,15.73,False,True,False,False,False,True,False,False,True,False
V6312,23,10.33,2.0,0,20.66,10.33,False,False,False,True,True,False,True,False,False,False
V7701,36,17.0,6.0,0,102.0,17.0,False,False,True,False,True,False,False,True,False,False
N2433,43,20.6,3.0,1,61.800000000000004,20.6,False,False,False,True,True,False,False,False,True,False
S9901,46,11.08,3.0,0,33.24,11.08,False,False,True,False,False,True,False,False,True,False
V6948,36,17.1,7.0,0,119.70000000000002,17.1,False,True,False,False,True,False,False,True,False,False
B8230,33,12.21,7.0,1,85.47,12.21,False,False,True,False,False,True,False,True,False,False
R9239,44,20.65,2.0,1,41.3,20.65,False,True,False,False,True,False,False,False,True,False
Y6284,31,20.43,3.0,0,61.29,20.43,False,True,False,False,False,False,False,True,False,False
Z8779,19,14.47,2.0,0,28.94,14.47,False,False,False,False,True,False,True,False,False,False
V4938,56,15.49,7.0,1,108.43,15.49,False,True,False,False,False,True,False,False,True,False
G7283,59,17.78,2.0,1,35.56,17.78,True,False,False,False,False,True,False,False,True,False
O8866,23,18.7,6.0,1,112.19999999999999,18.7,False,False,False,False,False,True,True,False,False,False
F0953,31,22.95,2.0,0,45.9,22.95,True,False,False,False,False,True,False,True,False,False
W7271,20,10.04,7.0,1,70.28,10.04,True,False,False,False,False,True,True,False,False,False
R6150,45,15.98,2.0,0,31.96,15.98,False,True,False,False,True,False,False,False,True,False
E4975,37,23.41,6.0,1,140.46,23.41,False,False,False,True,False,True,False,True,False,False
X2814,41,20.0,5.0,0,100.0,20.0,False,False,False,False,False,True,False,False,True,False
X8783,50,11.26,4.0,1,45.04,11.26,False,True,False,False,True,False,False,False,True,False
X9373,24,24.21,6.0,0,145.26,24.21,False,False,False,True,True,False,True,False,False,False
J4860,58,16.21,3.0,0,48.63,16.21,False,False,False,False,True,False,False,False,True,False
E1815,46,19.79,7.0,1,138.53,19.79,False,True,False,False,False,False,False,False,True,False
Y3923,31,15.53,4.0,0,62.12,15.53,False,True,False,False,False,False,False,True,False,False
C5867,19,15.0,7.0,1,105.0,15.0,False,False,True,False,False,False,True,False,False,False
E0055,41,17.59,3.0,1,52.769999999999996,17.59,False,False,False,True,True,False,False,False,True,False
D1937,49,13.15,6.0,0,78.9,13.15,False,False,False,True,False,True,False,False,True,False
K7545,47,20.16,7.0,0,141.12,20.16,False,False,False,True,False,True,False,False,True,False
C6888,50,19.68,6.0,0,118.08,19.68,False,False,False,True,True,False,False,False,True,False
W4296,39,10.63,2.0,1,21.26,10.63,False,False,False,False,False,False,False,True,False,False
P4369,41,10.13,4.0,0,40.52,10.13,False,False,True,False,False,True,False,False,True,False
W7738,46,19.48,3.0,0,58.44,19.48,False,False,False,False,False,True,False,False,True,False
L7697,24,15.27,7.0,1,106.89,15.27,True,False,False,False,False,True,True,False,False,False
I4912,54,17.6,3.0,1,52.800000000000004,17.6,False,False,False,False,False,True,False,False,True,False
B0938,54,17.71,4.0,0,70.84,17.71,False,False,False,False,True,False,False,False,True,False
R1173,46,23.4,4.0,0,93.6,23.4,False,False,False,True,False,False,False,False,True,False
W8632,35,14.11,3.0,0,42.33,14.11,False,False,False,False,True,False,False,True,False,False
W8747,43,23.83,3.0,0,71.49,23.83,False,False,False,True,False,False,False,False,True,False
C1677,26,23.35,4.0,0,93.4,23.35,True,False,False,False,False,True,False,True,False,False
I9728,54,24.16,3.0,1,72.48,24.16,False,False,False,True,False,False,False,False,True,False
J8663,27,21.88,3.0,1,65.64,21.88,False,True,False,False,True,False,False,True,False,False
H2552,48,14.32,5.0,1,71.6,14.32,False,False,True,False,True,False,False,False,True,False
Q2504,22,16.49,7.0,0,115.42999999999999,16.49,True,False,False,False,True,False,True,False,False,False
U2289,29,17.08,2.0,1,34.16,17.08,False,False,False,False,True,False,False,True,False,False
G3002,26,14.04,5.0,0,70.19999999999999,14.04,False,True,False,False,True,False,False,True,False,False
N4930,20,16.96,4.0,1,67.84,16.96,False,False,True,False,True,False,True,False,False,False
V8852,36,12.28,2.0,1,24.56,12.28,False,False,False,False,False,True,False,True,False,False
G1778,31,21.6,4.0,1,86.4,21.6,False,True,False,False,False,False,False,True,False,False
B0273,47,15.87,6.0,0,95.22,15.87,False,False,True,False,True,False,False,False,True,False
B0051,55,19.32,7.0,0,135.24,19.32,False,False,True,False,False,False,False,False,True,False
I6311,43,15.63,4.0,0,62.52,15.63,False,True,False,False,False,False,False,False,True,False
P6904,58,21.44,7.0,0,150.08,21.44,False,False,False,False,True,False,False,False,True,False
O2807,53,23.59,6.0,1,141.54,23.59,False,False,True,False,False,True,False,False,True,False
X5159,54,24.96,7.0,0,174.72,24.96,False,False,True,False,True,False,False,False,True,False
V8281,19,17.97,6.0,1,107.82,17.97,False,False,False,False,False,False,True,False,False,False
N5669,39,12.4,4.0,0,49.6,12.4,True,False,False,False,False,True,False,True,False,False
I9740,18,20.51,5.0,1,102.55000000000001,20.51,False,False,True,False,True,False,True,False,False,False
W1000,28,20.73,5.0,1,103.65,20.73,False,False,True,False,False,True,False,True,False,False
C0196,24,18.36,6.0,0,110.16,18.36,True,False,False,False,False,True,True,False,False,False
L2296,57,15.22,2.0,1,30.44,15.22,False,False,True,False,True,False,False,False,True,False
W9224,32,23.44,5.0,1,117.2,23.44,False,False,False,False,True,False,False,True,False,False
O9880,60,11.64,5.0,1,58.2,11.64,True,False,False,False,False,True,False,False,False,True
C7180,19,13.94,3.0,1,41.82,13.94,True,False,False,False,True,False,True,False,False,False
E0759,46,13.84,6.0,1,83.03999999999999,13.84,False,False,True,False,False,False,False,False,True,False
A8268,43,23.8,7.0,1,166.6,23.8,False,False,False,False,False,True,False,False,True,False
L2439,50,15.23,3.0,0,45.69,15.23,False,False,False,False,False,False,False,False,True,False
S5399,42,22.78,4.0,1,91.12,22.78,True,False,False,False,False,False,False,False,True,False
G1663,57,20.45,7.0,0,143.15,20.45,True,False,False,False,False,True,False,False,True,False
P3925,45,10.94,2.0,1,21.88,10.94,False,False,False,False,True,False,False,False,True,False
W0666,35,15.15,4.0,1,60.6,15.15,False,False,True,False,True,False,False,True,False,False
O5114,54,21.88,2.0,1,43.76,21.88,True,False,False,False,False,False,False,False,True,False
W1383,23,14.47,4.0,1,57.88,14.47,False,False,False,True,False,False,True,False,False,False
R3873,49,24.95,4.0,0,99.8,24.95,False,False,True,False,False,False,False,False,True,False
N8303,56,10.08,2.0,1,20.16,10.08,False,False,False,False,True,False,False,False,True,False
B5435,35,11.04,2.0,0,22.08,11.04,False,False,True,False,False,False,False,True,False,False
A7151,57,10.63,2.0,0,21.26,10.63,True,False,False,False,True,False,False,False,True,False
O4626,47,11.55,5.0,1,57.75,11.55,False,False,False,True,True,False,False,False,True,False
W8226,34,17.46,7.0,1,122.22,17.46,False,False,False,False,False,False,False,True,False,False
E9333,37,11.4,6.0,0,68.4,11.4,False,False,False,True,False,True,False,True,False,False
X4653,27,15.26,6.0,0,91.56,15.26,False,False,False,False,True,False,False,True,False,False
S8984,57,19.98,4.0,0,79.92,19.98,False,False,False,False,False,True,False,False,True,False
Z4276,36,24.49,2.0,1,48.98,24.49,True,False,False,False,False,False,False,True,False,False
Y9710,48,16.87,3.0,1,50.61,16.87,False,False,False,False,True,False,False,False,True,False
T4015,29,11.16,3.0,0,33.480000000000004,11.16,True,False,False,False,False,False,False,True,False,False
R9228,23,11.16,7.0,0,78.12,11.16,True,False,False,False,False,True,True,False,False,False
R0528,53,20.83,7.0,0,145.81,20.83,False,False,False,False,False,False,False,False,True,False
K3640,32,10.22,6.0,1,61.32000000000001,10.22,False,False,False,False,False,True,False,True,False,False
J7406,23,21.48,5.0,1,107.4,21.48,False,True,False,False,False,False,True,False,False,False
M0786,30,12.59,2.0,0,25.18,12.59,True,False,False,False,False,True,False,True,False,False
B8174,50,12.82,2.0,0,25.64,12.82,True,False,False,False,True,False,False,False,True,False
M9099,40,18.23,6.0,1,109.38,18.23,False,False,False,False,True,False,False,False,True,False
G9299,47,10.98,4.0,1,43.92,10.98,False,True,False,False,False,False,False,False,True,False
A2476,29,10.76,3.0,1,32.28,10.76,True,False,False,False,False,False,False,True,False,False
W4290,48,17.96,4.0,0,71.84,17.96,False,False,False,False,False,False,False,False,True,False
Q1228,24,18.83,6.0,1,112.97999999999999,18.83,False,False,True,False,False,False,True,False,False,False
M1442,42,21.16,5.0,1,105.8,21.16,False,True,False,False,False,True,False,False,True,False
P6033,25,13.24,7.0,0,92.68,13.24,True,False,False,False,True,False,False,True,False,False
P4816,32,19.23,2.0,0,38.46,19.23,False,True,False,False,False,False,False,True,False,False
Q9931,29,14.6,5.0,0,73.0,14.6,False,False,False,False,False,True,False,True,False,False
P4007,47,23.12,6.0,0,138.72,23.12,False,False,False,False,False,False,False,False,True,False
B1567,21,10.41,5.0,1,52.05,10.41,True,False,False,False,False,True,True,False,False,False
E5406,41,17.09,2.0,1,34.18,17.09,False,False,False,True,True,False,False,False,True,False
W6360,34,20.25,2.0,1,40.5,20.25,True,False,False,False,False,False,False,True,False,False
